{"cameraMode":{"drawMode":0,"name":"Shaded","section":"Shading Mode"},"sceneLighting":true,"audioPlay":false,"sceneViewState":{"m_AlwaysRefresh":false,"showFog":true,"showSkybox":true,"showFlares":true,"showImageEffects":true,"showParticleSystems":true,"showVisualEffectGraphs":true,"m_FxEnabled":true},"in2DMode":false,"pivot":{"x":41.46949768066406,"y":1.7332725524902344,"z":13.51364803314209},"rotation":{"x":-0.2911151349544525,"y":0.026109445840120317,"z":-0.007944578304886818,"w":-0.9563220143318176},"size":5.702789783477783,"orthographic":false}