{"cameraMode":{"drawMode":0,"name":"Shaded","section":"Shading Mode"},"sceneLighting":true,"audioPlay":false,"sceneViewState":{"m_AlwaysRefresh":false,"showFog":true,"showSkybox":true,"showFlares":true,"showImageEffects":true,"showParticleSystems":true,"showVisualEffectGraphs":true,"m_FxEnabled":true},"in2DMode":false,"pivot":{"x":39.773284912109378,"y":2.1191153526306154,"z":9.392274856567383},"rotation":{"x":0.0014149356866255403,"y":-0.9866276383399963,"z":0.1627667099237442,"w":0.008578183129429818},"size":1.6706403493881226,"orthographic":false}