{"cameraMode":{"drawMode":0,"name":"Shaded","section":"Shading Mode"},"sceneLighting":true,"audioPlay":false,"sceneViewState":{"m_AlwaysRefresh":false,"showFog":true,"showSkybox":true,"showFlares":true,"showImageEffects":true,"showParticleSystems":true,"showVisualEffectGraphs":true,"m_FxEnabled":true},"in2DMode":false,"pivot":{"x":56.989173889160159,"y":3.1644039154052736,"z":9.015154838562012},"rotation":{"x":-0.17280660569667817,"y":0.6794578433036804,"z":-0.16951869428157807,"w":-0.6926326155662537},"size":11.249673843383789,"orthographic":false}